{
  "main": {
    "id": "03e7ae0b52da2da6",
    "type": "split",
    "children": [
      {
        "id": "1d1ecad547689e0d",
        "type": "tabs",
        "children": [
          {
            "id": "1e3bddae760da7b6",
            "type": "leaf",
            "state": {
              "type": "markdown",
              "state": {
                "file": "B. Daily Note/2024-03-10.md",
                "mode": "source",
                "source": false
              }
            }
          }
        ]
      }
    ],
    "direction": "vertical"
  },
  "left": {
    "id": "0e4d560c7c9a3dc3",
    "type": "split",
    "children": [
      {
        "id": "c3718711c3b28fcd",
        "type": "tabs",
        "children": [
          {
            "id": "61948ddc467e5f42",
            "type": "leaf",
            "state": {
              "type": "file-explorer",
              "state": {
                "sortOrder": "alphabetical"
              }
            }
          },
          {
            "id": "1c8e35285efd2299",
            "type": "leaf",
            "state": {
              "type": "search",
              "state": {
                "query": "",
                "matchingCase": false,
                "explainSearch": false,
                "collapseAll": false,
                "extraContext": false,
                "sortOrder": "alphabetical"
              }
            }
          },
          {
            "id": "9ae856c053c09cba",
            "type": "leaf",
            "state": {
              "type": "bookmarks",
              "state": {}
            }
          }
        ]
      },
      {
        "id": "16937835514305a3",
        "type": "tabs",
        "children": [
          {
            "id": "b0f251f463efe0dc",
            "type": "leaf",
            "state": {
              "type": "recent-files",
              "state": {}
            }
          }
        ]
      }
    ],
    "direction": "horizontal",
    "width": 317.5
  },
  "right": {
    "id": "25980be1482195b4",
    "type": "split",
    "children": [
      {
        "id": "a6a2850d401ae9f4",
        "type": "tabs",
        "children": [
          {
            "id": "1f0b6c76a80aaa5e",
            "type": "leaf",
            "state": {
              "type": "calendar",
              "state": {}
            }
          },
          {
            "id": "77b9ca489bc2cbf5",
            "type": "leaf",
            "state": {
              "type": "tag",
              "state": {
                "sortOrder": "frequency",
                "useHierarchy": true
              }
            }
          },
          {
            "id": "f96b77f0e2a7cc10",
            "type": "leaf",
            "state": {
              "type": "outline",
              "state": {
                "file": "B. Daily Note/2024-03-10.md"
              }
            }
          },
          {
            "id": "aa0db0ac916762eb",
            "type": "leaf",
            "state": {
              "type": "backlink",
              "state": {
                "file": "B. Daily Note/2024-03-10.md",
                "collapseAll": false,
                "extraContext": false,
                "sortOrder": "alphabetical",
                "showSearch": false,
                "searchQuery": "",
                "backlinkCollapsed": false,
                "unlinkedCollapsed": true
              }
            }
          },
          {
            "id": "8fb173516cfb1c7f",
            "type": "leaf",
            "state": {
              "type": "outgoing-link",
              "state": {
                "file": "B. Daily Note/2024-03-10.md",
                "linksCollapsed": false,
                "unlinkedCollapsed": true
              }
            }
          }
        ]
      }
    ],
    "direction": "horizontal",
    "width": 300
  },
  "left-ribbon": {
    "hiddenItems": {
      "switcher:Open quick switcher": false,
      "graph:Open graph view": false,
      "canvas:Create new canvas": false,
      "daily-notes:Open today's daily note": false,
      "templates:Insert template": false,
      "command-palette:Open command palette": false,
      "zk-prefixer:Create new unique note": false,
      "random-note:Open random note": false,
      "omnisearch:Omnisearch": false
    }
  },
  "active": "1e3bddae760da7b6",
  "lastOpenFiles": [
    "Readme.md",
    "B. Daily Note/2024-03-10.md",
    "F. Templates/常用模板/读书笔记模板.md",
    "F. Templates/常用模板/论文草稿模板.md",
    "F. Templates/常用模板/闪念笔记模板.md",
    "F. Templates/常用模板/Dataview 模板.md",
    "F. Templates/常用模板/日记模板.md",
    "F. Templates/常用模板/代码整理模板.md",
    "F. Templates/常用模板/实验记录模板.md",
    "F. Templates/常用模板",
    "Welcome.md",
    "G. Attachment",
    "untitled folder",
    "F. Templates",
    "E. Permanent note",
    "D. Literature Note",
    "C. Fleeting note",
    "B. Daily Note",
    "A. Blog copy 5",
    "A. Blog copy 4"
  ]
}